<assembly xmlns="http://maven.apache.org/ASSEMBLY/2.0.0"
          xmlns:xsi="http://www.w3.org/2001/XMLSchema-instance"
          xsi:schemaLocation="http://maven.apache.org/ASSEMBLY/2.0.0 http://maven.apache.org/xsd/assembly-2.0.0.xsd">
    <id>ejemplo-microservicios-tres-target</id>
    <formats>
        <format>zip</format>
    </formats>
    <dependencySets>
        <dependencySet>
            <unpack>false</unpack>
            <includes>
                <include>com.ejemplo.microservicios.uno:ejemplo-microservicios-core</include>
            </includes>
        </dependencySet>
        <dependencySet>
            <unpack>true</unpack>
            <includes>
                <include>com.ejemplo.microservicios.uno:ejemplo-microservicios-target</include>
            </includes>
        </dependencySet>
    </dependencySets>
</assembly>